Time_Hours,Population_CFU_mL,Log_Population,Growth_Phase,Replicate
0.0,1000,3.00,Lag,A
0.1,1002,3.00,Lag,A
0.2,1005,3.00,Lag,A
0.3,1009,3.00,Lag,A
0.4,1014,3.01,Lag,A
0.5,1020,3.01,Lag,A
0.6,1027,3.01,Lag,A
0.7,1035,3.01,Lag,A
0.8,1044,3.02,Lag,A
0.9,1054,3.02,Lag,A
1.0,1065,3.03,Lag,A
1.1,1077,3.03,Lag,A
1.2,1090,3.04,Lag,A
1.3,1104,3.04,Lag,A
1.4,1119,3.05,Lag,A
1.5,1135,3.05,Lag,A
1.6,1152,3.06,Lag,A
1.7,1170,3.07,Lag,A
1.8,1189,3.08,Lag,A
1.9,1209,3.08,Lag,A
2.0,1230,3.09,Lag,A
2.1,1252,3.10,Lag,A
2.2,1275,3.11,Lag,A
2.3,1299,3.11,Lag,A
2.4,1324,3.12,Lag,A
2.5,1350,3.13,Lag,A
2.6,1377,3.14,Lag,A
2.7,1405,3.15,Lag,A
2.8,1434,3.16,Lag,A
2.9,1464,3.17,Lag,A
3.0,1495,3.17,Lag,A
3.1,1527,3.18,Lag,A
3.2,1560,3.19,Lag,A
3.3,1594,3.20,Lag,A
3.4,1629,3.21,Lag,A
3.5,1665,3.22,Lag,A
3.6,1702,3.23,Lag,A
3.7,1740,3.24,Lag,A
3.8,1779,3.25,Lag,A
3.9,1819,3.26,Lag,A
4.0,1860,3.27,Lag,A
4.1,1902,3.28,Lag,A
4.2,1945,3.29,Lag,A
4.3,1989,3.30,Lag,A
4.4,2034,3.31,Lag,A
4.5,2080,3.32,Lag,A
4.6,2127,3.33,Lag,A
4.7,2175,3.34,Lag,A
4.8,2224,3.35,Lag,A
4.9,2274,3.36,Lag,A
5.0,2325,3.37,Lag,A
5.1,2377,3.38,Lag,A
5.2,2430,3.39,Lag,A
5.3,2484,3.40,Lag,A
5.4,2539,3.40,Lag,A
5.5,2595,3.41,Lag,A
5.6,2652,3.42,Lag,A
5.7,2710,3.43,Lag,A
5.8,2769,3.44,Lag,A
5.9,2829,3.45,Lag,A
6.0,2890,3.46,Lag,A
6.1,2952,3.47,Lag,A
6.2,3015,3.48,Lag,A
6.3,3079,3.49,Lag,A
6.4,3144,3.50,Lag,A
6.5,3210,3.51,Lag,A
6.6,3277,3.52,Lag,A
6.7,3345,3.52,Lag,A
6.8,3414,3.53,Lag,A
6.9,3484,3.54,Lag,A
7.0,3555,3.55,Lag,A
7.1,3627,3.56,Lag,A
7.2,3700,3.57,Lag,A
7.3,3774,3.58,Lag,A
7.4,3849,3.59,Lag,A
7.5,3925,3.59,Lag,A
7.6,4002,3.60,Lag,A
7.7,4080,3.61,Lag,A
7.8,4159,3.62,Lag,A
7.9,4239,3.63,Lag,A
8.0,4320,3.64,Lag,A
8.1,4402,3.64,Lag,A
8.2,4485,3.65,Lag,A
8.3,4569,3.66,Lag,A
8.4,4654,3.67,Lag,A
8.5,4740,3.68,Lag,A
8.6,4827,3.68,Lag,A
8.7,4915,3.69,Lag,A
8.8,5004,3.70,Lag,A
8.9,5094,3.71,Lag,A
9.0,5185,3.71,Lag,A
9.1,5277,3.72,Lag,A
9.2,5370,3.73,Lag,A
9.3,5464,3.74,Lag,A
9.4,5559,3.74,Lag,A
9.5,5655,3.75,Lag,A
9.6,5752,3.76,Lag,A
9.7,5850,3.77,Lag,A
9.8,5949,3.77,Lag,A
9.9,6049,3.78,Lag,A
10.0,6150,3.79,Lag,A
10.1,6252,3.80,Lag,A
10.2,6355,3.80,Lag,A
10.3,6459,3.81,Lag,A
10.4,6564,3.82,Lag,A
10.5,6670,3.82,Lag,A
10.6,6777,3.83,Lag,A
10.7,6885,3.84,Lag,A
10.8,6994,3.84,Lag,A
10.9,7104,3.85,Lag,A
11.0,7215,3.86,Lag,A
11.1,7327,3.86,Lag,A
11.2,7440,3.87,Lag,A
11.3,7554,3.88,Lag,A
11.4,7669,3.88,Lag,A
11.5,7785,3.89,Lag,A
11.6,7902,3.90,Lag,A
11.7,8020,3.90,Lag,A
11.8,8139,3.91,Lag,A
11.9,8259,3.92,Lag,A
12.0,8380,3.92,Lag,A
12.1,8502,3.93,Lag,A
12.2,8625,3.94,Lag,A
12.3,8749,3.94,Lag,A
12.4,8874,3.95,Lag,A
12.5,9000,3.95,Lag,A
12.6,9127,3.96,Lag,A
12.7,9255,3.97,Lag,A
12.8,9384,3.97,Lag,A
12.9,9514,3.98,Lag,A
13.0,9645,3.98,Lag,A
13.1,9777,3.99,Lag,A
13.2,9910,4.00,Lag,A
13.3,10044,4.00,Lag,A
13.4,10179,4.01,Lag,A
13.5,10315,4.01,Lag,A
13.6,10452,4.02,Lag,A
13.7,10590,4.02,Lag,A
13.8,10729,4.03,Lag,A
13.9,10869,4.04,Lag,A
14.0,11010,4.04,Lag,A
14.1,11152,4.05,Lag,A
14.2,11295,4.05,Lag,A
14.3,11439,4.06,Lag,A
14.4,11584,4.06,Lag,A
14.5,11730,4.07,Lag,A
14.6,11877,4.07,Lag,A
14.7,12025,4.08,Lag,A
14.8,12174,4.09,Lag,A
14.9,12324,4.09,Lag,A
15.0,12475,4.10,Lag,A
15.1,12627,4.10,Lag,A
15.2,12780,4.11,Lag,A
15.3,12934,4.11,Lag,A
15.4,13089,4.12,Lag,A
15.5,13245,4.12,Lag,A
15.6,13402,4.13,Lag,A
15.7,13560,4.13,Lag,A
15.8,13719,4.14,Lag,A
15.9,13879,4.14,Lag,A
16.0,14040,4.15,Lag,A
16.1,14202,4.15,Lag,A
16.2,14365,4.16,Lag,A
16.3,14529,4.16,Lag,A
16.4,14694,4.17,Lag,A
16.5,14860,4.17,Lag,A
16.6,15027,4.18,Lag,A
16.7,15195,4.18,Lag,A
16.8,15364,4.19,Lag,A
16.9,15534,4.19,Lag,A
17.0,15705,4.20,Lag,A
17.1,15877,4.20,Lag,A
17.2,16050,4.21,Lag,A
17.3,16224,4.21,Lag,A
17.4,16399,4.21,Lag,A
17.5,16575,4.22,Lag,A
17.6,16752,4.22,Lag,A
17.7,16930,4.23,Lag,A
17.8,17109,4.23,Lag,A
17.9,17289,4.24,Lag,A
18.0,17470,4.24,Lag,A
18.1,17652,4.25,Lag,A
18.2,17835,4.25,Lag,A
18.3,18019,4.26,Lag,A
18.4,18204,4.26,Lag,A
18.5,18390,4.26,Lag,A
18.6,18577,4.27,Lag,A
18.7,18765,4.27,Lag,A
18.8,18954,4.28,Lag,A
18.9,19144,4.28,Lag,A
19.0,19335,4.29,Lag,A
19.1,19527,4.29,Lag,A
19.2,19720,4.29,Lag,A
19.3,19914,4.30,Lag,A
19.4,20109,4.30,Lag,A
19.5,20305,4.31,Lag,A
19.6,20502,4.31,Lag,A
19.7,20700,4.32,Lag,A
19.8,20899,4.32,Lag,A
19.9,21099,4.32,Lag,A
20.0,21300,4.33,Lag,A
20.1,21502,4.33,Lag,A
20.2,21705,4.34,Lag,A
20.3,21909,4.34,Lag,A
20.4,22114,4.34,Lag,A
20.5,22320,4.35,Lag,A
20.6,22527,4.35,Lag,A
20.7,22735,4.36,Lag,A
20.8,22944,4.36,Lag,A
20.9,23154,4.36,Lag,A
21.0,23365,4.37,Lag,A
21.1,23577,4.37,Lag,A
21.2,23790,4.38,Lag,A
21.3,24004,4.38,Lag,A
21.4,24219,4.38,Lag,A
21.5,24435,4.39,Lag,A
21.6,24652,4.39,Lag,A
21.7,24870,4.40,Lag,A
21.8,25089,4.40,Lag,A
21.9,25309,4.40,Lag,A
22.0,25530,4.41,Lag,A
22.1,25752,4.41,Lag,A
22.2,25975,4.41,Lag,A
22.3,26199,4.42,Lag,A
22.4,26424,4.42,Lag,A
22.5,26650,4.43,Lag,A
22.6,26877,4.43,Lag,A
22.7,27105,4.43,Lag,A
22.8,27334,4.44,Lag,A
22.9,27564,4.44,Lag,A
23.0,27795,4.44,Lag,A
23.1,28027,4.45,Lag,A
23.2,28260,4.45,Lag,A
23.3,28494,4.45,Lag,A
23.4,28729,4.46,Lag,A
23.5,28965,4.46,Lag,A
23.6,29202,4.47,Lag,A
23.7,29440,4.47,Lag,A
23.8,29679,4.47,Lag,A
23.9,29919,4.48,Lag,A
24.0,30160,4.48,Lag,A
24.1,30402,4.48,Lag,A
24.2,30645,4.49,Lag,A
24.3,30889,4.49,Lag,A
24.4,31134,4.49,Lag,A
24.5,31380,4.50,Lag,A
24.6,31627,4.50,Lag,A
24.7,31875,4.50,Lag,A
24.8,32124,4.51,Lag,A
24.9,32374,4.51,Lag,A
25.0,32625,4.51,Lag,A
25.1,32877,4.52,Lag,A
25.2,33130,4.52,Lag,A
25.3,33384,4.52,Lag,A
25.4,33639,4.53,Lag,A
25.5,33895,4.53,Lag,A
25.6,34152,4.53,Lag,A
25.7,34410,4.54,Lag,A
25.8,34669,4.54,Lag,A
25.9,34929,4.54,Lag,A
26.0,35190,4.55,Lag,A
26.1,35452,4.55,Lag,A
26.2,35715,4.55,Lag,A
26.3,35979,4.56,Lag,A
26.4,36244,4.56,Lag,A
26.5,36510,4.56,Lag,A
26.6,36777,4.57,Lag,A
26.7,37045,4.57,Lag,A
26.8,37314,4.57,Lag,A
26.9,37584,4.58,Lag,A
27.0,37855,4.58,Lag,A
27.1,38127,4.58,Lag,A
27.2,38400,4.58,Lag,A
27.3,38674,4.59,Lag,A
27.4,38949,4.59,Lag,A
27.5,39225,4.59,Lag,A
27.6,39502,4.60,Lag,A
27.7,39780,4.60,Lag,A
27.8,40059,4.60,Lag,A
27.9,40339,4.61,Lag,A
28.0,40620,4.61,Lag,A
28.1,40902,4.61,Lag,A
28.2,41185,4.61,Lag,A
28.3,41469,4.62,Lag,A
28.4,41754,4.62,Lag,A
28.5,42040,4.62,Lag,A
28.6,42327,4.63,Lag,A
28.7,42615,4.63,Lag,A
28.8,42904,4.63,Lag,A
28.9,43194,4.64,Lag,A
29.0,43485,4.64,Lag,A
29.1,43777,4.64,Lag,A
29.2,44070,4.64,Lag,A
29.3,44364,4.65,Lag,A
29.4,44659,4.65,Lag,A
29.5,44955,4.65,Lag,A
29.6,45252,4.66,Lag,A
29.7,45550,4.66,Lag,A
29.8,45849,4.66,Lag,A
29.9,46149,4.66,Lag,A
30.0,46450,4.67,Lag,A
30.1,46752,4.67,Lag,A
30.2,47055,4.67,Lag,A
30.3,47359,4.68,Lag,A
30.4,47664,4.68,Lag,A
30.5,47970,4.68,Lag,A
30.6,48277,4.68,Lag,A
30.7,48585,4.69,Lag,A
30.8,48894,4.69,Lag,A
30.9,49204,4.69,Lag,A
31.0,49515,4.69,Lag,A
31.1,49827,4.70,Lag,A
31.2,50140,4.70,Lag,A
31.3,50454,4.70,Lag,A
31.4,50769,4.71,Lag,A
31.5,51085,4.71,Lag,A
31.6,51402,4.71,Lag,A
31.7,51720,4.71,Lag,A
31.8,52039,4.72,Lag,A
31.9,52359,4.72,Lag,A
32.0,52680,4.72,Lag,A
32.1,53002,4.72,Lag,A
32.2,53325,4.73,Lag,A
32.3,53649,4.73,Lag,A
32.4,53974,4.73,Lag,A
32.5,54300,4.73,Lag,A
32.6,54627,4.74,Lag,A
32.7,54955,4.74,Lag,A
32.8,55284,4.74,Lag,A
32.9,55614,4.75,Lag,A
33.0,55945,4.75,Lag,A
33.1,56277,4.75,Lag,A
33.2,56610,4.75,Lag,A
33.3,56944,4.76,Lag,A
33.4,57279,4.76,Lag,A
33.5,57615,4.76,Lag,A
33.6,57952,4.76,Lag,A
33.7,58290,4.77,Lag,A
33.8,58629,4.77,Lag,A
33.9,58969,4.77,Lag,A
34.0,59310,4.77,Lag,A
34.1,59652,4.78,Lag,A
34.2,59995,4.78,Lag,A
34.3,60339,4.78,Lag,A
34.4,60684,4.78,Lag,A
34.5,61030,4.79,Lag,A
34.6,61377,4.79,Lag,A
34.7,61725,4.79,Lag,A
34.8,62074,4.79,Lag,A
34.9,62424,4.80,Lag,A
35.0,62775,4.80,Lag,A
35.1,63127,4.80,Lag,A
35.2,63480,4.80,Lag,A
35.3,63834,4.81,Lag,A
35.4,64189,4.81,Lag,A
35.5,64545,4.81,Lag,A
35.6,64902,4.81,Lag,A
35.7,65260,4.81,Lag,A
35.8,65619,4.82,Lag,A
35.9,65979,4.82,Lag,A
36.0,66340,4.82,Lag,A
36.1,66702,4.82,Lag,A
36.2,67065,4.83,Lag,A
36.3,67429,4.83,Lag,A
36.4,67794,4.83,Lag,A
36.5,68160,4.83,Lag,A
36.6,68527,4.84,Lag,A
36.7,68895,4.84,Lag,A
36.8,69264,4.84,Lag,A
36.9,69634,4.84,Lag,A
37.0,70005,4.85,Lag,A
37.1,70377,4.85,Lag,A
37.2,70750,4.85,Lag,A
37.3,71124,4.85,Lag,A
37.4,71499,4.85,Lag,A
37.5,71875,4.86,Lag,A
37.6,72252,4.86,Lag,A
37.7,72630,4.86,Lag,A
37.8,73009,4.86,Lag,A
37.9,73389,4.87,Lag,A
38.0,73770,4.87,Lag,A
38.1,74152,4.87,Lag,A
38.2,74535,4.87,Lag,A
38.3,74919,4.87,Lag,A
38.4,75304,4.88,Lag,A
38.5,75690,4.88,Lag,A
38.6,76077,4.88,Lag,A
38.7,76465,4.88,Lag,A
38.8,76854,4.89,Lag,A
38.9,77244,4.89,Lag,A
39.0,77635,4.89,Lag,A
39.1,78027,4.89,Lag,A
39.2,78420,4.89,Lag,A
39.3,78814,4.90,Lag,A
39.4,79209,4.90,Lag,A
39.5,79605,4.90,Lag,A
39.6,80002,4.90,Lag,A
39.7,80400,4.91,Lag,A
39.8,80799,4.91,Lag,A
39.9,81199,4.91,Lag,A
40.0,81600,4.91,Lag,A
40.1,82002,4.91,Lag,A
40.2,82405,4.92,Lag,A
40.3,82809,4.92,Lag,A
40.4,83214,4.92,Lag,A
40.5,83620,4.92,Lag,A
40.6,84027,4.92,Lag,A
40.7,84435,4.93,Lag,A
40.8,84844,4.93,Lag,A
40.9,85254,4.93,Lag,A
41.0,85665,4.93,Lag,A
41.1,86077,4.93,Lag,A
41.2,86490,4.94,Lag,A
41.3,86904,4.94,Lag,A
41.4,87319,4.94,Lag,A
41.5,87735,4.94,Lag,A
41.6,88152,4.95,Lag,A
41.7,88570,4.95,Lag,A
41.8,88989,4.95,Lag,A
41.9,89409,4.95,Lag,A
42.0,89830,4.95,Lag,A
42.1,90252,4.96,Lag,A
42.2,90675,4.96,Lag,A
42.3,91099,4.96,Lag,A
42.4,91524,4.96,Lag,A
42.5,91950,4.96,Lag,A
42.6,92377,4.97,Lag,A
42.7,92805,4.97,Lag,A
42.8,93234,4.97,Lag,A
42.9,93664,4.97,Lag,A
43.0,94095,4.97,Lag,A
43.1,94527,4.98,Lag,A
43.2,94960,4.98,Lag,A
43.3,95394,4.98,Lag,A
43.4,95829,4.98,Lag,A
43.5,96265,4.98,Lag,A
43.6,96702,4.99,Lag,A
43.7,97140,4.99,Lag,A
43.8,97579,4.99,Lag,A
43.9,98019,4.99,Lag,A
44.0,98460,4.99,Lag,A
44.1,98902,5.00,Lag,A
44.2,99345,5.00,Lag,A
44.3,99789,5.00,Lag,A
44.4,100234,5.00,Lag,A
44.5,100680,5.00,Lag,A
44.6,101127,5.01,Lag,A
44.7,101575,5.01,Lag,A
44.8,102024,5.01,Lag,A
44.9,102474,5.01,Lag,A
45.0,102925,5.01,Lag,A
45.1,103377,5.01,Lag,A
45.2,103830,5.02,Lag,A
45.3,104284,5.02,Lag,A
45.4,104739,5.02,Lag,A
45.5,105195,5.02,Lag,A
45.6,105652,5.02,Lag,A
45.7,106110,5.03,Lag,A
45.8,106569,5.03,Lag,A
45.9,107029,5.03,Lag,A
46.0,107490,5.03,Lag,A
46.1,107952,5.03,Lag,A
46.2,108415,5.03,Lag,A
46.3,108879,5.04,Lag,A
46.4,109344,5.04,Lag,A
46.5,109810,5.04,Lag,A
46.6,110277,5.04,Lag,A
46.7,110745,5.04,Lag,A
46.8,111214,5.04,Lag,A
46.9,111684,5.05,Lag,A
47.0,112155,5.05,Lag,A
47.1,112627,5.05,Lag,A
47.2,113100,5.05,Lag,A
47.3,113574,5.05,Lag,A
47.4,114049,5.06,Lag,A
47.5,114525,5.06,Lag,A
47.6,115002,5.06,Lag,A
47.7,115480,5.06,Lag,A
47.8,115959,5.06,Lag,A
47.9,116439,5.07,Lag,A
48.0,116920,5.07,Lag,A
48.1,117402,5.07,Lag,A
48.2,117885,5.07,Lag,A
48.3,118369,5.07,Lag,A
48.4,118854,5.08,Lag,A
48.5,119340,5.08,Lag,A
48.6,119827,5.08,Lag,A
48.7,120315,5.08,Lag,A
48.8,120804,5.08,Lag,A
48.9,121294,5.08,Lag,A
49.0,121785,5.09,Lag,A
49.1,122277,5.09,Lag,A
49.2,122770,5.09,Lag,A
49.3,123264,5.09,Lag,A
49.4,123759,5.09,Lag,A
49.5,124255,5.09,Lag,A
49.6,124752,5.10,Lag,A
49.7,125250,5.10,Lag,A
49.8,125749,5.10,Lag,A
49.9,126249,5.10,Lag,A
50.0,126750,5.10,Lag,A
50.1,127252,5.10,Lag,A
50.2,127755,5.11,Lag,A
50.3,128259,5.11,Lag,A
50.4,128764,5.11,Lag,A
50.5,129270,5.11,Lag,A
50.6,129777,5.11,Lag,A
50.7,130285,5.11,Lag,A
50.8,130794,5.12,Lag,A
50.9,131304,5.12,Lag,A
51.0,131815,5.12,Lag,A
51.1,132327,5.12,Lag,A
51.2,132840,5.12,Lag,A
51.3,133354,5.13,Lag,A
51.4,133869,5.13,Lag,A
51.5,134385,5.13,Lag,A
51.6,134902,5.13,Lag,A
51.7,135420,5.13,Lag,A
51.8,135939,5.13,Lag,A
51.9,136459,5.13,Lag,A
52.0,136980,5.14,Lag,A
52.1,137502,5.14,Lag,A
52.2,138025,5.14,Lag,A
52.3,138549,5.14,Lag,A
52.4,139074,5.14,Lag,A
52.5,139600,5.14,Lag,A
52.6,140127,5.15,Lag,A
52.7,140655,5.15,Lag,A
52.8,141184,5.15,Lag,A
52.9,141714,5.15,Lag,A
53.0,142245,5.15,Lag,A
53.1,142777,5.15,Lag,A
53.2,143310,5.16,Lag,A
53.3,143844,5.16,Lag,A
53.4,144379,5.16,Lag,A
53.5,144915,5.16,Lag,A
53.6,145452,5.16,Lag,A
53.7,145990,5.16,Lag,A
53.8,146529,5.17,Lag,A
53.9,147069,5.17,Lag,A
54.0,147610,5.17,Lag,A
54.1,148152,5.17,Lag,A
54.2,148695,5.17,Lag,A
54.3,149239,5.17,Lag,A
54.4,149784,5.18,Lag,A
54.5,150330,5.18,Lag,A
54.6,150877,5.18,Lag,A
54.7,151425,5.18,Lag,A
54.8,151974,5.18,Lag,A
54.9,152524,5.18,Lag,A
55.0,153075,5.18,Lag,A
55.1,153627,5.19,Lag,A
55.2,154180,5.19,Lag,A
55.3,154734,5.19,Lag,A
55.4,155289,5.19,Lag,A
55.5,155845,5.19,Lag,A
55.6,156402,5.19,Lag,A
55.7,156960,5.20,Lag,A
55.8,157519,5.20,Lag,A
55.9,158079,5.20,Lag,A
56.0,158640,5.20,Lag,A
56.1,159202,5.20,Lag,A
56.2,159765,5.20,Lag,A
56.3,160329,5.21,Lag,A
56.4,160894,5.21,Lag,A
56.5,161460,5.21,Lag,A
56.6,162027,5.21,Lag,A
56.7,162595,5.21,Lag,A
56.8,163164,5.21,Lag,A
56.9,163734,5.21,Lag,A
57.0,164